external_id,gif_rel_path
trmte8s,gif/trmte8s.gif
LMGXZn8,gif/LMGXZn8.gif
0br45wL,gif/0br45wL.gif
27NNGFr,gif/27NNGFr.gif
a4F9Oyc,gif/a4F9Oyc.gif
ecl28tP,gif/ecl28tP.gif
wnEscH8,gif/wnEscH8.gif
gVlnLIJ,gif/gVlnLIJ.gif
mtXengz,gif/mtXengz.gif
kuMiR2T,gif/kuMiR2T.gif
ZA8b5hc,gif/ZA8b5hc.gif
DOoWcnA,gif/DOoWcnA.gif
F3xgbjF,gif/F3xgbjF.gif
ZZTGMKh,gif/ZZTGMKh.gif
T2fA5Ir,gif/T2fA5Ir.gif
x6KpKpq,gif/x6KpKpq.gif
84RyJf8,gif/84RyJf8.gif
UKWTJWR,gif/UKWTJWR.gif
obe5LMq,gif/obe5LMq.gif
IpONWYv,gif/IpONWYv.gif
H6ybluc,gif/H6ybluc.gif
REXmfVC,gif/REXmfVC.gif
DhMl549,gif/DhMl549.gif
72BC5Za,gif/72BC5Za.gif
qRZ5S1N,gif/qRZ5S1N.gif
PnZJIrk,gif/PnZJIrk.gif
H1PESYI,gif/H1PESYI.gif
KXyoEtA,gif/KXyoEtA.gif
CHpahtl,gif/CHpahtl.gif
LQFOrMn,gif/LQFOrMn.gif
33AzZeV,gif/33AzZeV.gif
OeL23VY,gif/OeL23VY.gif
SGY8Zui,gif/SGY8Zui.gif
MrgP9L6,gif/MrgP9L6.gif
82LxxkW,gif/82LxxkW.gif
RtyAsy1,gif/RtyAsy1.gif
VPPtusI,gif/VPPtusI.gif
GNhAeJ0,gif/GNhAeJ0.gif
8d8qJQI,gif/8d8qJQI.gif
JGKowMS,gif/JGKowMS.gif
YUYAMEj,gif/YUYAMEj.gif
ye84CTU,gif/ye84CTU.gif
VW88JNd,gif/VW88JNd.gif
FWdVhcW,gif/FWdVhcW.gif
XooAdhl,gif/XooAdhl.gif
gw9PqGk,gif/gw9PqGk.gif
bmBf7LN,gif/bmBf7LN.gif
iaapw0g,gif/iaapw0g.gif
Kzg30R7,gif/Kzg30R7.gif
oom75KC,gif/oom75KC.gif
WcHl7ru,gif/WcHl7ru.gif
8xUv4J7,gif/8xUv4J7.gif
IaGQCrC,gif/IaGQCrC.gif
daBmy1Y,gif/daBmy1Y.gif
qFpAkpP,gif/qFpAkpP.gif
bWxq4op,gif/bWxq4op.gif
F1KxjBa,gif/F1KxjBa.gif
u2X71Np,gif/u2X71Np.gif
uxJcFUU,gif/uxJcFUU.gif
5KLbZWx,gif/5KLbZWx.gif
U3ffHlY,gif/U3ffHlY.gif
CI6baTY,gif/CI6baTY.gif
d5bTEPV,gif/d5bTEPV.gif
Gchi5Tr,gif/Gchi5Tr.gif
REGM1dE,gif/REGM1dE.gif
NN8nSNT,gif/NN8nSNT.gif
dmgMp3n,gif/dmgMp3n.gif
1jXLYEw,gif/1jXLYEw.gif
PQcUlDi,gif/PQcUlDi.gif
gKozT8X,gif/gKozT8X.gif
lyKCLmK,gif/lyKCLmK.gif
4dUn2iv,gif/4dUn2iv.gif
jDnrkar,gif/jDnrkar.gif
oQRJYkC,gif/oQRJYkC.gif
vM5YS2g,gif/vM5YS2g.gif
VBAWRPG,gif/VBAWRPG.gif
7RWNjiB,gif/7RWNjiB.gif
7F1DVzn,gif/7F1DVzn.gif
03lzqwk,gif/03lzqwk.gif
ayAHcEm,gif/ayAHcEm.gif
DIVyqrU,gif/DIVyqrU.gif
isAAZWA,gif/isAAZWA.gif
W9pFVv1,gif/W9pFVv1.gif
s0HKO2I,gif/s0HKO2I.gif
gAwDzB3,gif/gAwDzB3.gif
x306lCW,gif/x306lCW.gif
xLYSdtg,gif/xLYSdtg.gif
6HiHHe0,gif/6HiHHe0.gif
17lJ1kr,gif/17lJ1kr.gif
zkgRrbK,gif/zkgRrbK.gif
JrOHAZc,gif/JrOHAZc.gif
s8nrDXF,gif/s8nrDXF.gif
r1XNRYB,gif/r1XNRYB.gif
wQ2c4XD,gif/wQ2c4XD.gif
Ezpnw9d,gif/Ezpnw9d.gif
Ha7SZ3y,gif/Ha7SZ3y.gif
prbWx1D,gif/prbWx1D.gif
BMMolZ3,gif/BMMolZ3.gif
ecpY0rH,gif/ecpY0rH.gif
jgbvVJ0,gif/jgbvVJ0.gif
HEJ6DIX,gif/HEJ6DIX.gif
Gnfo4FM,gif/Gnfo4FM.gif
OVTZ65k,gif/OVTZ65k.gif
ipvgBnC,gif/ipvgBnC.gif
5VXmnV5,gif/5VXmnV5.gif
6kSxYnw,gif/6kSxYnw.gif
2Ryn564,gif/2Ryn564.gif
1PLE8e9,gif/1PLE8e9.gif
CB8WET1,gif/CB8WET1.gif
mWBtgmb,gif/mWBtgmb.gif
PAgTVaK,gif/PAgTVaK.gif
AQ0mC4Y,gif/AQ0mC4Y.gif
OaE7CpD,gif/OaE7CpD.gif
G61cXLk,gif/G61cXLk.gif
Wgaz7pm,gif/Wgaz7pm.gif
9pa4H5m,gif/9pa4H5m.gif
ZqNOWQ6,gif/ZqNOWQ6.gif
EyLrNC2,gif/EyLrNC2.gif
DB0n8AG,gif/DB0n8AG.gif
w2oRpuH,gif/w2oRpuH.gif
zYmNaoY,gif/zYmNaoY.gif
NKJ8o6x,gif/NKJ8o6x.gif
cAvTaSg,gif/cAvTaSg.gif
kXaIn5A,gif/kXaIn5A.gif
wDN97Ca,gif/wDN97Ca.gif
C0MA9bC,gif/C0MA9bC.gif
nCU1Ekp,gif/nCU1Ekp.gif
zZlORz6,gif/zZlORz6.gif
yn0LjwL,gif/yn0LjwL.gif
J60bN17,gif/J60bN17.gif
qLpO4vV,gif/qLpO4vV.gif
8K0w2yA,gif/8K0w2yA.gif
nUwVh7b,gif/nUwVh7b.gif
2JCuFTU,gif/2JCuFTU.gif
UFGF6gk,gif/UFGF6gk.gif
c8oybX6,gif/c8oybX6.gif
uSkDMYl,gif/uSkDMYl.gif
QLRmNeT,gif/QLRmNeT.gif
f9lVSSI,gif/f9lVSSI.gif
wXvUZC8,gif/wXvUZC8.gif
z6TAHoT,gif/z6TAHoT.gif
YRaCa5Y,gif/YRaCa5Y.gif
CjETvlw,gif/CjETvlw.gif
jK2hZ6n,gif/jK2hZ6n.gif
9sgNE2O,gif/9sgNE2O.gif
KOpzGBL,gif/KOpzGBL.gif
UGhRD1A,gif/UGhRD1A.gif
ZNgOYQU,gif/ZNgOYQU.gif
Q2Eu1Ax,gif/Q2Eu1Ax.gif
b9kqlBy,gif/b9kqlBy.gif
6pTkI99,gif/6pTkI99.gif
8coXSYU,gif/8coXSYU.gif
hxyTtWj,gif/hxyTtWj.gif
sVvXT5J,gif/sVvXT5J.gif
Wgbn9qo,gif/Wgbn9qo.gif
q6y3OhV,gif/q6y3OhV.gif
IvV6C9M,gif/IvV6C9M.gif
wdRZISl,gif/wdRZISl.gif
hacCyUv,gif/hacCyUv.gif
3TZduzM,gif/3TZduzM.gif
O2K9Vb5,gif/O2K9Vb5.gif
RxayqAZ,gif/RxayqAZ.gif
LkoAWAE,gif/LkoAWAE.gif
reFHapa,gif/reFHapa.gif
QpXqiq8,gif/QpXqiq8.gif
da4cXST,gif/da4cXST.gif
tj41Nu6,gif/tj41Nu6.gif
tc5dYrf,gif/tc5dYrf.gif
rmEukuS,gif/rmEukuS.gif
KgI0tqW,gif/KgI0tqW.gif
17bqEXD,gif/17bqEXD.gif
JzQbv7J,gif/JzQbv7J.gif
c16nYGA,gif/c16nYGA.gif
PSlvNMs,gif/PSlvNMs.gif
WCAvOfC,gif/WCAvOfC.gif
bndCa3Q,gif/bndCa3Q.gif
xMjBKwn,gif/xMjBKwn.gif
aTNKZiC,gif/aTNKZiC.gif
k5IpyHg,gif/k5IpyHg.gif
Ys97II0,gif/Ys97II0.gif
S37C94C,gif/S37C94C.gif
VO2qeJg,gif/VO2qeJg.gif
J74XlNf,gif/J74XlNf.gif
2IxROQ1,gif/2IxROQ1.gif
lBDjFxJ,gif/lBDjFxJ.gif
SYJ4Bkt,gif/SYJ4Bkt.gif
WME869U,gif/WME869U.gif
VX5YKR5,gif/VX5YKR5.gif
QFmz6ch,gif/QFmz6ch.gif
wOLmCXc,gif/wOLmCXc.gif
oLrKqDH,gif/oLrKqDH.gif
gUjqdei,gif/gUjqdei.gif
WrYPP2g,gif/WrYPP2g.gif
qdRxqCj,gif/qdRxqCj.gif
Qoujh3Q,gif/Qoujh3Q.gif
13TpY4H,gif/13TpY4H.gif
MCkqdKE,gif/MCkqdKE.gif
yJUHKTn,gif/yJUHKTn.gif
fhZQPlV,gif/fhZQPlV.gif
Zg3XY7P,gif/Zg3XY7P.gif
NCmbLCw,gif/NCmbLCw.gif
km0sQC0,gif/km0sQC0.gif
E4R8Hz1,gif/E4R8Hz1.gif
WW95auq,gif/WW95auq.gif
mKwcrHn,gif/mKwcrHn.gif
vqsbmL0,gif/vqsbmL0.gif
ZOuKWir,gif/ZOuKWir.gif
wkgnGfb,gif/wkgnGfb.gif
HbSG1Pw,gif/HbSG1Pw.gif
Pjbc0Kt,gif/Pjbc0Kt.gif
DU7I633,gif/DU7I633.gif
EAs3xL9,gif/EAs3xL9.gif
x69MAlq,gif/x69MAlq.gif
cuKYxhu,gif/cuKYxhu.gif
8ozhUIZ,gif/8ozhUIZ.gif
Eg98Ft9,gif/Eg98Ft9.gif
2IHEa2T,gif/2IHEa2T.gif
LmaFNZS,gif/LmaFNZS.gif
BWnJR72,gif/BWnJR72.gif
hC6oYY5,gif/hC6oYY5.gif
jl6uxZV,gif/jl6uxZV.gif
CcWEoWV,gif/CcWEoWV.gif
Ca76jUE,gif/Ca76jUE.gif
uOV3Itw,gif/uOV3Itw.gif
DptumMx,gif/DptumMx.gif
5BZHW9s,gif/5BZHW9s.gif
cbuFJrn,gif/cbuFJrn.gif
ZX9UZmj,gif/ZX9UZmj.gif
ktf3nvW,gif/ktf3nvW.gif
QT5Q0nK,gif/QT5Q0nK.gif
L2V5Nan,gif/L2V5Nan.gif
wWFspEi,gif/wWFspEi.gif
UgDm3oy,gif/UgDm3oy.gif
7xeukSt,gif/7xeukSt.gif
mTT3KLn,gif/mTT3KLn.gif
AxFoqAD,gif/AxFoqAD.gif
LCtQPn8,gif/LCtQPn8.gif
VdLZ3nB,gif/VdLZ3nB.gif
yzYH9pI,gif/yzYH9pI.gif
xbkPfaw,gif/xbkPfaw.gif
bKWbrTA,gif/bKWbrTA.gif
5MRH8H2,gif/5MRH8H2.gif
xGgAGPm,gif/xGgAGPm.gif
MUic5zN,gif/MUic5zN.gif
hl8DUh8,gif/hl8DUh8.gif
UNAB8ak,gif/UNAB8ak.gif
wDUqY2u,gif/wDUqY2u.gif
gSw59a4,gif/gSw59a4.gif
QTXKWPh,gif/QTXKWPh.gif
wPypxFY,gif/wPypxFY.gif
kj3hy6W,gif/kj3hy6W.gif
UDm6cGl,gif/UDm6cGl.gif
vtusOWT,gif/vtusOWT.gif
ffQsyBj,gif/ffQsyBj.gif
XeMvLgE,gif/XeMvLgE.gif
ZXnjcOQ,gif/ZXnjcOQ.gif
mbkgB44,gif/mbkgB44.gif
yn2lLSI,gif/yn2lLSI.gif
1gFNTZV,gif/1gFNTZV.gif
bZq4bwK,gif/bZq4bwK.gif
VjYliFZ,gif/VjYliFZ.gif
XFc3vpY,gif/XFc3vpY.gif
xnInPfE,gif/xnInPfE.gif
SpYC0Kp,gif/SpYC0Kp.gif
K3dIO25,gif/K3dIO25.gif
XUUD0Fs,gif/XUUD0Fs.gif
KHGNa16,gif/KHGNa16.gif
Fhdtwf3,gif/Fhdtwf3.gif
xiA6lRr,gif/xiA6lRr.gif
PNtsX17,gif/PNtsX17.gif
o17Jfkt,gif/o17Jfkt.gif
1YB40kg,gif/1YB40kg.gif
cwsAI4G,gif/cwsAI4G.gif
t8iSghb,gif/t8iSghb.gif
aqvSOQE,gif/aqvSOQE.gif
dCPESfR,gif/dCPESfR.gif
f7Y9eDZ,gif/f7Y9eDZ.gif
r5DgrW9,gif/r5DgrW9.gif
JhYSVwT,gif/JhYSVwT.gif
7saC5zz,gif/7saC5zz.gif
gfk9kD4,gif/gfk9kD4.gif
DotAgEF,gif/DotAgEF.gif
xmM75XG,gif/xmM75XG.gif
i11JWU7,gif/i11JWU7.gif
IeTIEqg,gif/IeTIEqg.gif
M72BExt,gif/M72BExt.gif
GUT8I22,gif/GUT8I22.gif
yU7w7CA,gif/yU7w7CA.gif
zHEpuuc,gif/zHEpuuc.gif
ykA5tU7,gif/ykA5tU7.gif
4cWjYEN,gif/4cWjYEN.gif
HBYyX94,gif/HBYyX94.gif
KtRomty,gif/KtRomty.gif
Snj1wSv,gif/Snj1wSv.gif
y5p0H8a,gif/y5p0H8a.gif
zd4P4B2,gif/zd4P4B2.gif
3s4NnTh,gif/3s4NnTh.gif
tZkGYZ9,gif/tZkGYZ9.gif
bTpEUcm,gif/bTpEUcm.gif
OmQ8w0p,gif/OmQ8w0p.gif
CvPn9WV,gif/CvPn9WV.gif
TUZLh71,gif/TUZLh71.gif
6sMAmNv,gif/6sMAmNv.gif
75Bgtjy,gif/75Bgtjy.gif
945zpRg,gif/945zpRg.gif
Am02iPd,gif/Am02iPd.gif
7vG5o25,gif/7vG5o25.gif
BIb1tGo,gif/BIb1tGo.gif
AQIhRjM,gif/AQIhRjM.gif
cALKspW,gif/cALKspW.gif
tFGKm99,gif/tFGKm99.gif
T0yTjgW,gif/T0yTjgW.gif
9WTm7dq,gif/9WTm7dq.gif
Gu2rNJd,gif/Gu2rNJd.gif
HjdqmZa,gif/HjdqmZa.gif
OAguZoG,gif/OAguZoG.gif
bBi35y3,gif/bBi35y3.gif
Z5YStHW,gif/Z5YStHW.gif
JsOV1SU,gif/JsOV1SU.gif
7B4F5nZ,gif/7B4F5nZ.gif
CfKsRbG,gif/CfKsRbG.gif
I1OBLnn,gif/I1OBLnn.gif
RYcV1kH,gif/RYcV1kH.gif
v3vLFW0,gif/v3vLFW0.gif
RqOtqD7,gif/RqOtqD7.gif
uKyN64F,gif/uKyN64F.gif
YtaCTYl,gif/YtaCTYl.gif
3ZflifB,gif/3ZflifB.gif
LYJodFS,gif/LYJodFS.gif
9Tkqa9O,gif/9Tkqa9O.gif
cALkHHX,gif/cALkHHX.gif
b6hQYMb,gif/b6hQYMb.gif
4Jt8QsQ,gif/4Jt8QsQ.gif
HfqciZF,gif/HfqciZF.gif
nFc4FyV,gif/nFc4FyV.gif
5eLRITT,gif/5eLRITT.gif
7OeHptV,gif/7OeHptV.gif
RgJDRR1,gif/RgJDRR1.gif
hvV79Si,gif/hvV79Si.gif
U7D9Fx3,gif/U7D9Fx3.gif
qcNN2FN,gif/qcNN2FN.gif
mpKZGWz,gif/mpKZGWz.gif
0xDpB4L,gif/0xDpB4L.gif
x825CZm,gif/x825CZm.gif
wf24o8S,gif/wf24o8S.gif
Ln9iTbU,gif/Ln9iTbU.gif
CJwa0vD,gif/CJwa0vD.gif
rDAiRf9,gif/rDAiRf9.gif
XDOiFns,gif/XDOiFns.gif
niXESDw,gif/niXESDw.gif
aee2Fcj,gif/aee2Fcj.gif
iZop9xO,gif/iZop9xO.gif
4LIG9xr,gif/4LIG9xr.gif
tgryw5Y,gif/tgryw5Y.gif
xUwnBMT,gif/xUwnBMT.gif
pM07UxU,gif/pM07UxU.gif
rWoBmi5,gif/rWoBmi5.gif
oHsrypV,gif/oHsrypV.gif
i6LWjok,gif/i6LWjok.gif
H1XAdpk,gif/H1XAdpk.gif
9XjtHvS,gif/9XjtHvS.gif
D5yqP2p,gif/D5yqP2p.gif
YZ4961r,gif/YZ4961r.gif
SLKj2pX,gif/SLKj2pX.gif
jTkSc6o,gif/jTkSc6o.gif
XhfS1DZ,gif/XhfS1DZ.gif
BReCuOn,gif/BReCuOn.gif
XVzF3iZ,gif/XVzF3iZ.gif
qaZVsGk,gif/qaZVsGk.gif
XgWyAiA,gif/XgWyAiA.gif
oROuvrX,gif/oROuvrX.gif
84sESNy,gif/84sESNy.gif
EmlJR2y,gif/EmlJR2y.gif
isofgzg,gif/isofgzg.gif
IENzBdA,gif/IENzBdA.gif
PDaMuyV,gif/PDaMuyV.gif
rEhi2o5,gif/rEhi2o5.gif
OM46QHm,gif/OM46QHm.gif
TVdivgY,gif/TVdivgY.gif
TXtXc84,gif/TXtXc84.gif
euI1BwR,gif/euI1BwR.gif
ykHcWme,gif/ykHcWme.gif
0S75mYG,gif/0S75mYG.gif
Y5X65IB,gif/Y5X65IB.gif
EcaV7aL,gif/EcaV7aL.gif
EZeDVzO,gif/EZeDVzO.gif
SSsBDwB,gif/SSsBDwB.gif
2qTvJAZ,gif/2qTvJAZ.gif
FxhcxUW,gif/FxhcxUW.gif
u0pLNgz,gif/u0pLNgz.gif
RoV1Rfa,gif/RoV1Rfa.gif
1LVFcEn,gif/1LVFcEn.gif
kmVVAfu,gif/kmVVAfu.gif
2kr2lWy,gif/2kr2lWy.gif
oZjMu1t,gif/oZjMu1t.gif
BU15nH4,gif/BU15nH4.gif
LWuA3aZ,gif/LWuA3aZ.gif
TiaZTxx,gif/TiaZTxx.gif
c9MnDRp,gif/c9MnDRp.gif
PsVS1QP,gif/PsVS1QP.gif
P9GFBME,gif/P9GFBME.gif
W6PxUkg,gif/W6PxUkg.gif
lHeUULr,gif/lHeUULr.gif
S9zHIvU,gif/S9zHIvU.gif
tnaj0mT,gif/tnaj0mT.gif
T2mxWqc,gif/T2mxWqc.gif
gH5fRsC,gif/gH5fRsC.gif
AR0ig3o,gif/AR0ig3o.gif
eXFXCY0,gif/eXFXCY0.gif
s999Hdo,gif/s999Hdo.gif
wpbD28t,gif/wpbD28t.gif
V4ryaZa,gif/V4ryaZa.gif
lCKm4Rs,gif/lCKm4Rs.gif
7w6i0vE,gif/7w6i0vE.gif
nnmCTLN,gif/nnmCTLN.gif
yT9tk17,gif/yT9tk17.gif
2Pya1cP,gif/2Pya1cP.gif
UDlhcO8,gif/UDlhcO8.gif
n5cWCsI,gif/n5cWCsI.gif
QfAKy1G,gif/QfAKy1G.gif
11wrviz,gif/11wrviz.gif
B3Rxp6L,gif/B3Rxp6L.gif
faHKVkK,gif/faHKVkK.gif
oR7O9LW,gif/oR7O9LW.gif
SJAA2IQ,gif/SJAA2IQ.gif
nFUwqG6,gif/nFUwqG6.gif
s34Y4LR,gif/s34Y4LR.gif
bZGHsAZ,gif/bZGHsAZ.gif
vAwm6rK,gif/vAwm6rK.gif
OTgkHwR,gif/OTgkHwR.gif
otqIxU4,gif/otqIxU4.gif
d960PgE,gif/d960PgE.gif
GWoKnIm,gif/GWoKnIm.gif
eOG0r6v,gif/eOG0r6v.gif
dzz6BiV,gif/dzz6BiV.gif
U5INZY6,gif/U5INZY6.gif
ae9UoXQ,gif/ae9UoXQ.gif
y5U5B9Y,gif/y5U5B9Y.gif
VedGSby,gif/VedGSby.gif
pQ0Mx1Z,gif/pQ0Mx1Z.gif
AX1kB0o,gif/AX1kB0o.gif
1xHyxys,gif/1xHyxys.gif
OVIKwsd,gif/OVIKwsd.gif
YwnI4ja,gif/YwnI4ja.gif
rseLfH3,gif/rseLfH3.gif
W31mMjd,gif/W31mMjd.gif
jFtipLl,gif/jFtipLl.gif
PrQbjvB,gif/PrQbjvB.gif
LLNh6q5,gif/LLNh6q5.gif
yCvYdi7,gif/yCvYdi7.gif
uTv34oq,gif/uTv34oq.gif
X6ytgYZ,gif/X6ytgYZ.gif
w4dLzSx,gif/w4dLzSx.gif
Hx1WC8I,gif/Hx1WC8I.gif
BCGQ6J5,gif/BCGQ6J5.gif
GKEH6jj,gif/GKEH6jj.gif
dG5Smob,gif/dG5Smob.gif
4ievMJ9,gif/4ievMJ9.gif
aXcUyKb,gif/aXcUyKb.gif
Bg5JKSH,gif/Bg5JKSH.gif
mExgrF9,gif/mExgrF9.gif
gEyURal,gif/gEyURal.gif
aWedzZX,gif/aWedzZX.gif
7Ba7bQ2,gif/7Ba7bQ2.gif
JsKq9so,gif/JsKq9so.gif
53Ttlck,gif/53Ttlck.gif
xXm4nYq,gif/xXm4nYq.gif
gscGLOU,gif/gscGLOU.gif
5WiFcYk,gif/5WiFcYk.gif
F7vjXqT,gif/F7vjXqT.gif
v3xmPAR,gif/v3xmPAR.gif
yg8Totb,gif/yg8Totb.gif
Gxg9lDc,gif/Gxg9lDc.gif
eOCOwIR,gif/eOCOwIR.gif
PG1kcIb,gif/PG1kcIb.gif
OYFhXVD,gif/OYFhXVD.gif
6e2DcYX,gif/6e2DcYX.gif
gtO1ErP,gif/gtO1ErP.gif
Lt3iWnf,gif/Lt3iWnf.gif
8fgqP5a,gif/8fgqP5a.gif
kjJ3VoQ,gif/kjJ3VoQ.gif
y8bYM8w,gif/y8bYM8w.gif
j74M6Zn,gif/j74M6Zn.gif
IMRsOCn,gif/IMRsOCn.gif
yq3GAJX,gif/yq3GAJX.gif
HYe1ZqR,gif/HYe1ZqR.gif
dB07vDu,gif/dB07vDu.gif
pP8wP2P,gif/pP8wP2P.gif
wi2H9QX,gif/wi2H9QX.gif
G70mEAJ,gif/G70mEAJ.gif
HJ63mSO,gif/HJ63mSO.gif
KHPZL0b,gif/KHPZL0b.gif
vYk8lqw,gif/vYk8lqw.gif
RKjH6Lt,gif/RKjH6Lt.gif
CQHoDm0,gif/CQHoDm0.gif
6HmFgmx,gif/6HmFgmx.gif
vBNyir7,gif/vBNyir7.gif
FVM1AUZ,gif/FVM1AUZ.gif
6FMU51h,gif/6FMU51h.gif
qKBpF7I,gif/qKBpF7I.gif
UVL20oz,gif/UVL20oz.gif
VQ3sNCn,gif/VQ3sNCn.gif
j9Q5crt,gif/j9Q5crt.gif
LsZkfU6,gif/LsZkfU6.gif
f38OEuO,gif/f38OEuO.gif
6CKUx7o,gif/6CKUx7o.gif
DEEqoI2,gif/DEEqoI2.gif
rQhGcin,gif/rQhGcin.gif
v1qBec9,gif/v1qBec9.gif
ufaxB52,gif/ufaxB52.gif
BkxB8LW,gif/BkxB8LW.gif
bpJL2Qs,gif/bpJL2Qs.gif
JF8AkMX,gif/JF8AkMX.gif
WL4EmxJ,gif/WL4EmxJ.gif
FkBIE6a,gif/FkBIE6a.gif
K1vlode,gif/K1vlode.gif
qx4fgX7,gif/qx4fgX7.gif
mweqJin,gif/mweqJin.gif
DsgkuIt,gif/DsgkuIt.gif
9E25EOx,gif/9E25EOx.gif
LIGZSTA,gif/LIGZSTA.gif
Mz6lLcW,gif/Mz6lLcW.gif
2kattbR,gif/2kattbR.gif
eGDudUV,gif/eGDudUV.gif
aHDy5O5,gif/aHDy5O5.gif
BJ0Hz5L,gif/BJ0Hz5L.gif
Qyk5J3p,gif/Qyk5J3p.gif
zCgxPbV,gif/zCgxPbV.gif
4LoWllp,gif/4LoWllp.gif
gvsWLQw,gif/gvsWLQw.gif
bdWcbaU,gif/bdWcbaU.gif
13VW2VO,gif/13VW2VO.gif
eXMFHww,gif/eXMFHww.gif
R1WYG5D,gif/R1WYG5D.gif
LrV4s90,gif/LrV4s90.gif
dCJnuVq,gif/dCJnuVq.gif
3XFdb1Z,gif/3XFdb1Z.gif
ZgsNQ6d,gif/ZgsNQ6d.gif
SzX3uzM,gif/SzX3uzM.gif
2ORFMoR,gif/2ORFMoR.gif
ky8FLU8,gif/ky8FLU8.gif
UVo2Qs2,gif/UVo2Qs2.gif
i5cEhka,gif/i5cEhka.gif
Qqi7bko,gif/Qqi7bko.gif
1V1gj1u,gif/1V1gj1u.gif
qg2PGl6,gif/qg2PGl6.gif
wEulIzp,gif/wEulIzp.gif
1kB3Wmk,gif/1kB3Wmk.gif
1qrWgZ2,gif/1qrWgZ2.gif
9pQSkH8,gif/9pQSkH8.gif
c8f5cSY,gif/c8f5cSY.gif
kuXhl0o,gif/kuXhl0o.gif
H6ETwO9,gif/H6ETwO9.gif
f4xtKBj,gif/f4xtKBj.gif
7xI5MXA,gif/7xI5MXA.gif
10Z2DXU,gif/10Z2DXU.gif
99rWm7w,gif/99rWm7w.gif
trqKQv2,gif/trqKQv2.gif
I3tsCnC,gif/I3tsCnC.gif
4hATdoB,gif/4hATdoB.gif
61GrD55,gif/61GrD55.gif
xBYcQHj,gif/xBYcQHj.gif
DQ0cqkT,gif/DQ0cqkT.gif
lI7easp,gif/lI7easp.gif
2dImyQ8,gif/2dImyQ8.gif
Y7YcmIJ,gif/Y7YcmIJ.gif
9c6T1YX,gif/9c6T1YX.gif
MCUhf1F,gif/MCUhf1F.gif
hMEptv0,gif/hMEptv0.gif
ztAa1RK,gif/ztAa1RK.gif
R5swFnc,gif/R5swFnc.gif
WLvTAv5,gif/WLvTAv5.gif
zfNHMN9,gif/zfNHMN9.gif
4x5Okof,gif/4x5Okof.gif
6ZCiYWQ,gif/6ZCiYWQ.gif
cQ19bBP,gif/cQ19bBP.gif
EIeI8Vf,gif/EIeI8Vf.gif
b4b6afT,gif/b4b6afT.gif
JZuApnB,gif/JZuApnB.gif
OPqShYN,gif/OPqShYN.gif
ezTvXcr,gif/ezTvXcr.gif
OrETs32,gif/OrETs32.gif
o1HGDSq,gif/o1HGDSq.gif
0mB6wHO,gif/0mB6wHO.gif
pZwUsKB,gif/pZwUsKB.gif
qDnGfDb,gif/qDnGfDb.gif
s5PdDyY,gif/s5PdDyY.gif
nDK1HJ0,gif/nDK1HJ0.gif
PQ2AtC3,gif/PQ2AtC3.gif
1IG6gVF,gif/1IG6gVF.gif
8ARQ9Hw,gif/8ARQ9Hw.gif
PERjVm8,gif/PERjVm8.gif
QsSQWbf,gif/QsSQWbf.gif
mr7pkqP,gif/mr7pkqP.gif
jDOKRM5,gif/jDOKRM5.gif
bOOdeyc,gif/bOOdeyc.gif
x2chWLO,gif/x2chWLO.gif
zK8Fu1W,gif/zK8Fu1W.gif
wd4ds3s,gif/wd4ds3s.gif
ealLwvX,gif/ealLwvX.gif
1ZFqTDN,gif/1ZFqTDN.gif
YTur5nR,gif/YTur5nR.gif
jivWf8n,gif/jivWf8n.gif
q7qkONO,gif/q7qkONO.gif
euq4pwp,gif/euq4pwp.gif
Bn6TXyO,gif/Bn6TXyO.gif
ETZfAbZ,gif/ETZfAbZ.gif
UtmIqcI,gif/UtmIqcI.gif
v7p5bYl,gif/v7p5bYl.gif
eZyBC3j,gif/eZyBC3j.gif
RrLske5,gif/RrLske5.gif
dZl9Q27,gif/dZl9Q27.gif
196HJGw,gif/196HJGw.gif
cWemPG8,gif/cWemPG8.gif
OyoZ3Pu,gif/OyoZ3Pu.gif
d9Xaxq6,gif/d9Xaxq6.gif
aXtJhlg,gif/aXtJhlg.gif
Vvwjz6N,gif/Vvwjz6N.gif
M2Pm3zj,gif/M2Pm3zj.gif
BaE7O6U,gif/BaE7O6U.gif
ZujAdR9,gif/ZujAdR9.gif
vsMcDi9,gif/vsMcDi9.gif
IwX5NqK,gif/IwX5NqK.gif
4U7iLb5,gif/4U7iLb5.gif
2Qh2J1e,gif/2Qh2J1e.gif
0dCyly0,gif/0dCyly0.gif
LEH9jxP,gif/LEH9jxP.gif
vzAxBtt,gif/vzAxBtt.gif
sTfvVsG,gif/sTfvVsG.gif
bfiHMpI,gif/bfiHMpI.gif
HUEqZ1y,gif/HUEqZ1y.gif
JOZhu2h,gif/JOZhu2h.gif
o8aOcrz,gif/o8aOcrz.gif
iny3m5y,gif/iny3m5y.gif
o1ntciW,gif/o1ntciW.gif
ZuXu4Eq,gif/ZuXu4Eq.gif
wVompEp,gif/wVompEp.gif
7WaDzyL,gif/7WaDzyL.gif
IGtBdNT,gif/IGtBdNT.gif
225x2Vd,gif/225x2Vd.gif
rjiM4L3,gif/rjiM4L3.gif
bd5b860,gif/bd5b860.gif
0lQnxMZ,gif/0lQnxMZ.gif
gFyFj9z,gif/gFyFj9z.gif
2jl9K55,gif/2jl9K55.gif
QY39eBr,gif/QY39eBr.gif
HIgYKAB,gif/HIgYKAB.gif
qXTaZnJ,gif/qXTaZnJ.gif
yUdIGNs,gif/yUdIGNs.gif
Xy4jlWA,gif/Xy4jlWA.gif
UpWmA5E,gif/UpWmA5E.gif
3xK09Sk,gif/3xK09Sk.gif
VLYXo8S,gif/VLYXo8S.gif
KUaZst7,gif/KUaZst7.gif
cA9FuWG,gif/cA9FuWG.gif
ioTf098,gif/ioTf098.gif
SNFfUff,gif/SNFfUff.gif
w1NOByi,gif/w1NOByi.gif
s7HX1BY,gif/s7HX1BY.gif
nIR4Rwl,gif/nIR4Rwl.gif
rg59QCH,gif/rg59QCH.gif
FS63wTN,gif/FS63wTN.gif
5v7KYld,gif/5v7KYld.gif
jCrtE9b,gif/jCrtE9b.gif
vIICElP,gif/vIICElP.gif
I4hDWkc,gif/I4hDWkc.gif
kiJ4Z2K,gif/kiJ4Z2K.gif
RJgzwny,gif/RJgzwny.gif
fy7Tgy4,gif/fy7Tgy4.gif
tBWXbIT,gif/tBWXbIT.gif
LHWF7us,gif/LHWF7us.gif
8DiFDVA,gif/8DiFDVA.gif
hq2hyDH,gif/hq2hyDH.gif
wu5LXwz,gif/wu5LXwz.gif
DpWMFP5,gif/DpWMFP5.gif
rUXfn3R,gif/rUXfn3R.gif
aaxA3cm,gif/aaxA3cm.gif
JWjujiY,gif/JWjujiY.gif
Q4DSJPC,gif/Q4DSJPC.gif
3eGE2JC,gif/3eGE2JC.gif
rGwhJ5o,gif/rGwhJ5o.gif
P5p0j8B,gif/P5p0j8B.gif
IL0JUxR,gif/IL0JUxR.gif
uX3sUBz,gif/uX3sUBz.gif
lFhb2Rw,gif/lFhb2Rw.gif
A6wtbuL,gif/A6wtbuL.gif
SpsOSXk,gif/SpsOSXk.gif
VYmYxK5,gif/VYmYxK5.gif
RSOsp5d,gif/RSOsp5d.gif
aaXr7ld,gif/aaXr7ld.gif
arvaszz,gif/arvaszz.gif
Qa55kX1,gif/Qa55kX1.gif
kont8Ut,gif/kont8Ut.gif
UfePqpx,gif/UfePqpx.gif
wt6rwjk,gif/wt6rwjk.gif
PdmaD0N,gif/PdmaD0N.gif
dXz8zjF,gif/dXz8zjF.gif
u4bAmKp,gif/u4bAmKp.gif
jpgqxiS,gif/jpgqxiS.gif
UzkLrem,gif/UzkLrem.gif
GOJKFfO,gif/GOJKFfO.gif
1PK5Uo3,gif/1PK5Uo3.gif
YtgD7Xq,gif/YtgD7Xq.gif
GdMa1ET,gif/GdMa1ET.gif
H9y3Dkr,gif/H9y3Dkr.gif
4Ml7QFO,gif/4Ml7QFO.gif
aumB2IV,gif/aumB2IV.gif
NdIb5Z1,gif/NdIb5Z1.gif
RJa4tCo,gif/RJa4tCo.gif
fY68AyX,gif/fY68AyX.gif
62Nw60O,gif/62Nw60O.gif
BgljGjd,gif/BgljGjd.gif
I4KkPdl,gif/I4KkPdl.gif
K5xgdvI,gif/K5xgdvI.gif
T8UpLkb,gif/T8UpLkb.gif
vptOQ4N,gif/vptOQ4N.gif
xgsGFVM,gif/xgsGFVM.gif
LIlE5Tn,gif/LIlE5Tn.gif
ainizkb,gif/ainizkb.gif
eHBlPsa,gif/eHBlPsa.gif
tznL2Ad,gif/tznL2Ad.gif
Kxquu2E,gif/Kxquu2E.gif
sTg7iys,gif/sTg7iys.gif
bWlZvXh,gif/bWlZvXh.gif
p195zsJ,gif/p195zsJ.gif
CuaWCmC,gif/CuaWCmC.gif
RaflbWD,gif/RaflbWD.gif
pAIWRGu,gif/pAIWRGu.gif
nZZZy9m,gif/nZZZy9m.gif
dTg95eZ,gif/dTg95eZ.gif
Q497lAE,gif/Q497lAE.gif
GXoaSgn,gif/GXoaSgn.gif
2sQGZ5b,gif/2sQGZ5b.gif
rR0LJzx,gif/rR0LJzx.gif
pwt0pnM,gif/pwt0pnM.gif
SxHteRW,gif/SxHteRW.gif
NfP83rA,gif/NfP83rA.gif
M5Y7GPg,gif/M5Y7GPg.gif
eOrFCnx,gif/eOrFCnx.gif
q2ADGqV,gif/q2ADGqV.gif
Gn5FwYT,gif/Gn5FwYT.gif
dG7tG5y,gif/dG7tG5y.gif
ZZKbeMw,gif/ZZKbeMw.gif
CMAxnsG,gif/CMAxnsG.gif
NJzBsGJ,gif/NJzBsGJ.gif
khlHMqs,gif/khlHMqs.gif
goJ6ezq,gif/goJ6ezq.gif
hvHhCv8,gif/hvHhCv8.gif
UilDHSs,gif/UilDHSs.gif
sM84pE4,gif/sM84pE4.gif
ANbbry2,gif/ANbbry2.gif
VuoerH0,gif/VuoerH0.gif
Al3tP0D,gif/Al3tP0D.gif
wSScovH,gif/wSScovH.gif
guT8YnS,gif/guT8YnS.gif
b63ZzGe,gif/b63ZzGe.gif
yl2IYyy,gif/yl2IYyy.gif
Yza7XrQ,gif/Yza7XrQ.gif
v2DfH14,gif/v2DfH14.gif
uZKq7lo,gif/uZKq7lo.gif
veXwo0D,gif/veXwo0D.gif
Y1MsI1l,gif/Y1MsI1l.gif
C31LMnP,gif/C31LMnP.gif
QZFv5ui,gif/QZFv5ui.gif
dK9394r,gif/dK9394r.gif
Eh2v5Iu,gif/Eh2v5Iu.gif
7f2jsqP,gif/7f2jsqP.gif
xifhB5W,gif/xifhB5W.gif
01qpYSe,gif/01qpYSe.gif
Rr7S3yg,gif/Rr7S3yg.gif
Gk1r408,gif/Gk1r408.gif
Ff18ItA,gif/Ff18ItA.gif
KCBKjma,gif/KCBKjma.gif
qOgPVf6,gif/qOgPVf6.gif
rZ80Gbp,gif/rZ80Gbp.gif
TFA88iB,gif/TFA88iB.gif
9ZGZuOD,gif/9ZGZuOD.gif
Krmb3cB,gif/Krmb3cB.gif
Y4BRNQF,gif/Y4BRNQF.gif
kjE55n5,gif/kjE55n5.gif
9KU9TYF,gif/9KU9TYF.gif
OxJk1fg,gif/OxJk1fg.gif
jNU1gFQ,gif/jNU1gFQ.gif
UEjSrKI,gif/UEjSrKI.gif
zG0zs85,gif/zG0zs85.gif
CosupLu,gif/CosupLu.gif
J6Dx1Mu,gif/J6Dx1Mu.gif
4Jc36XM,gif/4Jc36XM.gif
Sn8wxAI,gif/Sn8wxAI.gif
7HcfMBP,gif/7HcfMBP.gif
WVD66ff,gif/WVD66ff.gif
pkSoCW9,gif/pkSoCW9.gif
Ze7MoIb,gif/Ze7MoIb.gif
rkg41Fb,gif/rkg41Fb.gif
vi8EhoE,gif/vi8EhoE.gif
B6dAO1t,gif/B6dAO1t.gif
Af0EW2I,gif/Af0EW2I.gif
fUBheHs,gif/fUBheHs.gif
sU5BrfP,gif/sU5BrfP.gif
jQGwmxN,gif/jQGwmxN.gif
xAySMB0,gif/xAySMB0.gif
nxW6BkN,gif/nxW6BkN.gif
vKilzz3,gif/vKilzz3.gif
hoXt6wv,gif/hoXt6wv.gif
g376LuL,gif/g376LuL.gif
kprile3,gif/kprile3.gif
4f8RXP8,gif/4f8RXP8.gif
awG04cF,gif/awG04cF.gif
e1e76I2,gif/e1e76I2.gif
qm9veZw,gif/qm9veZw.gif
vpp9Ku2,gif/vpp9Ku2.gif
1DN3iz4,gif/1DN3iz4.gif
WbNq5Xu,gif/WbNq5Xu.gif
4CBIBOM,gif/4CBIBOM.gif
znQUdHY,gif/znQUdHY.gif
tig3PXb,gif/tig3PXb.gif
uJmK7Z1,gif/uJmK7Z1.gif
FY3UdNT,gif/FY3UdNT.gif
A9qxk2F,gif/A9qxk2F.gif
VnfUNW7,gif/VnfUNW7.gif
mnzcrIB,gif/mnzcrIB.gif
Gw2HFvW,gif/Gw2HFvW.gif
7aVz15j,gif/7aVz15j.gif
znLogoF,gif/znLogoF.gif
nqs5HGV,gif/nqs5HGV.gif
Hy9D21L,gif/Hy9D21L.gif
UM8mgyG,gif/UM8mgyG.gif
arsYEd3,gif/arsYEd3.gif
0Yz8WdV,gif/0Yz8WdV.gif
Ion0XWz,gif/Ion0XWz.gif
wqNPGCg,gif/wqNPGCg.gif
8K7m2SS,gif/8K7m2SS.gif
xo6sENf,gif/xo6sENf.gif
MvQPqVW,gif/MvQPqVW.gif
m0tCHqc,gif/m0tCHqc.gif
u5ESqzH,gif/u5ESqzH.gif
4GqRrAk,gif/4GqRrAk.gif
C5jncD2,gif/C5jncD2.gif
Lsqrgh4,gif/Lsqrgh4.gif
KyLtiLT,gif/KyLtiLT.gif
OQ1otBN,gif/OQ1otBN.gif
ht8xDrP,gif/ht8xDrP.gif
ZuPXtCK,gif/ZuPXtCK.gif
CqhoytW,gif/CqhoytW.gif
RQNVT10,gif/RQNVT10.gif
S4pwGlc,gif/S4pwGlc.gif
GaSzzuh,gif/GaSzzuh.gif
dNFYIU1,gif/dNFYIU1.gif
IZVHb27,gif/IZVHb27.gif
NlfIbzq,gif/NlfIbzq.gif
76vfTdU,gif/76vfTdU.gif
1VpF8db,gif/1VpF8db.gif
FVmZVhk,gif/FVmZVhk.gif
DeDThfG,gif/DeDThfG.gif
mwpPcr1,gif/mwpPcr1.gif
sYCcnon,gif/sYCcnon.gif
hrVQWvE,gif/hrVQWvE.gif
6TG6x2w,gif/6TG6x2w.gif
g2oKspu,gif/g2oKspu.gif
LSTChY9,gif/LSTChY9.gif
hnOYgH3,gif/hnOYgH3.gif
EMpUwRI,gif/EMpUwRI.gif
6cKQC5E,gif/6cKQC5E.gif
k6tUeqS,gif/k6tUeqS.gif
my33uHU,gif/my33uHU.gif
km2Ljzj,gif/km2Ljzj.gif
vmwLyCg,gif/vmwLyCg.gif
Vh0GsK4,gif/Vh0GsK4.gif
PQStVXH,gif/PQStVXH.gif
dU605di,gif/dU605di.gif
vvNjDJS,gif/vvNjDJS.gif
XlZ4lAC,gif/XlZ4lAC.gif
U6G2gk9,gif/U6G2gk9.gif
PzQanLE,gif/PzQanLE.gif
4IKbhHV,gif/4IKbhHV.gif
hwygydB,gif/hwygydB.gif
qcY50ZD,gif/qcY50ZD.gif
Db7eEgw,gif/Db7eEgw.gif
c3Pfhti,gif/c3Pfhti.gif
Iptlv6x,gif/Iptlv6x.gif
dFSNDOA,gif/dFSNDOA.gif
83HoW9X,gif/83HoW9X.gif
f91FwXG,gif/f91FwXG.gif
GSDioYu,gif/GSDioYu.gif
QYysSLV,gif/QYysSLV.gif
DwhEmmE,gif/DwhEmmE.gif
fI18Rbc,gif/fI18Rbc.gif
UQr48Oi,gif/UQr48Oi.gif
X3TCNEU,gif/X3TCNEU.gif
yz9nUhF,gif/yz9nUhF.gif
yRLPCLu,gif/yRLPCLu.gif
ila4NZS,gif/ila4NZS.gif
ZH68exZ,gif/ZH68exZ.gif
fKZgDEO,gif/fKZgDEO.gif
Kpajagk,gif/Kpajagk.gif
XsCcxCC,gif/XsCcxCC.gif
PcPe0P5,gif/PcPe0P5.gif
D9qe7CM,gif/D9qe7CM.gif
DU5Kkj2,gif/DU5Kkj2.gif
yRYyfdA,gif/yRYyfdA.gif
P14Dz9D,gif/P14Dz9D.gif
vR1vold,gif/vR1vold.gif
7ePTw4B,gif/7ePTw4B.gif
uWpxD4v,gif/uWpxD4v.gif
G7PXMlT,gif/G7PXMlT.gif
XalXcvM,gif/XalXcvM.gif
neonEDL,gif/neonEDL.gif
sJFIDIp,gif/sJFIDIp.gif
2zNKRUB,gif/2zNKRUB.gif
2NpxjC1,gif/2NpxjC1.gif
3T12T87,gif/3T12T87.gif
WU9BLIs,gif/WU9BLIs.gif
BmrwWzo,gif/BmrwWzo.gif
1bQkKZK,gif/1bQkKZK.gif
wyaqzOS,gif/wyaqzOS.gif
NAgVB3t,gif/NAgVB3t.gif
1g5bPpA,gif/1g5bPpA.gif
iYzB0Cz,gif/iYzB0Cz.gif
OUQ0ZyW,gif/OUQ0ZyW.gif
hCjGsRQ,gif/hCjGsRQ.gif
KZXAtKQ,gif/KZXAtKQ.gif
jjUPrze,gif/jjUPrze.gif
K9VL0Jq,gif/K9VL0Jq.gif
ZEkjZDi,gif/ZEkjZDi.gif
mWppALS,gif/mWppALS.gif
r29jP7S,gif/r29jP7S.gif
peAeMR3,gif/peAeMR3.gif
hfmQ0Tz,gif/hfmQ0Tz.gif
Y9hNPcN,gif/Y9hNPcN.gif
MgKwAAo,gif/MgKwAAo.gif
LEprlgG,gif/LEprlgG.gif
VaP75jl,gif/VaP75jl.gif
P2lNrGL,gif/P2lNrGL.gif
IeDEXTe,gif/IeDEXTe.gif
mgejmGP,gif/mgejmGP.gif
SKXQAx3,gif/SKXQAx3.gif
Ia7tumC,gif/Ia7tumC.gif
GibBPPg,gif/GibBPPg.gif
UHJlbu3,gif/UHJlbu3.gif
epOSYUZ,gif/epOSYUZ.gif
JbC2iaV,gif/JbC2iaV.gif
S8mo30S,gif/S8mo30S.gif
O4oIqQD,gif/O4oIqQD.gif
p9cCe2r,gif/p9cCe2r.gif
WKMQzCD,gif/WKMQzCD.gif
C9LuR4A,gif/C9LuR4A.gif
3tAXPQ6,gif/3tAXPQ6.gif
ZIViNh1,gif/ZIViNh1.gif
b2Uoz54,gif/b2Uoz54.gif
7uFJuXp,gif/7uFJuXp.gif
BCUR88E,gif/BCUR88E.gif
e4ojVhP,gif/e4ojVhP.gif
hbY9wqG,gif/hbY9wqG.gif
XSCHmiI,gif/XSCHmiI.gif
Hgs6Nl1,gif/Hgs6Nl1.gif
UmpPAAe,gif/UmpPAAe.gif
ZsiqXYa,gif/ZsiqXYa.gif
pX9Elbe,gif/pX9Elbe.gif
f1jf47L,gif/f1jf47L.gif
HMzLjXx,gif/HMzLjXx.gif
OVLmUuL,gif/OVLmUuL.gif
6sYyrRX,gif/6sYyrRX.gif
zhF9lW4,gif/zhF9lW4.gif
bmwlYvD,gif/bmwlYvD.gif
Gi2BXfK,gif/Gi2BXfK.gif
QChZi3x,gif/QChZi3x.gif
CmEr4pM,gif/CmEr4pM.gif
iK59oEA,gif/iK59oEA.gif
B1EVP9F,gif/B1EVP9F.gif
Ser9eQp,gif/Ser9eQp.gif
r7cT9YD,gif/r7cT9YD.gif
MU9HnE7,gif/MU9HnE7.gif
zFzbBfL,gif/zFzbBfL.gif
ziFKQXP,gif/ziFKQXP.gif
S1JXDAG,gif/S1JXDAG.gif
9IxJdtC,gif/9IxJdtC.gif
4KJEpzb,gif/4KJEpzb.gif
ZgwWBoC,gif/ZgwWBoC.gif
0rHfvy9,gif/0rHfvy9.gif
641mIfk,gif/641mIfk.gif
yaAxcQr,gif/yaAxcQr.gif
aDoFKrE,gif/aDoFKrE.gif
xi0yckC,gif/xi0yckC.gif
P2nRiUa,gif/P2nRiUa.gif
O8Aq69u,gif/O8Aq69u.gif
9RT8oQW,gif/9RT8oQW.gif
1GPHRyK,gif/1GPHRyK.gif
RGLscZM,gif/RGLscZM.gif
7inpWch,gif/7inpWch.gif
0IgNjSM,gif/0IgNjSM.gif
5vfAI0I,gif/5vfAI0I.gif
nAuHPcD,gif/nAuHPcD.gif
znP9SIh,gif/znP9SIh.gif
8oYqOt9,gif/8oYqOt9.gif
BwSNDGt,gif/BwSNDGt.gif
PzNxakt,gif/PzNxakt.gif
vUTfFHw,gif/vUTfFHw.gif
BbfB8Gb,gif/BbfB8Gb.gif
TFqbd8t,gif/TFqbd8t.gif
zGSIWQi,gif/zGSIWQi.gif
YqJw82s,gif/YqJw82s.gif
M74kdvm,gif/M74kdvm.gif
HsvHqgf,gif/HsvHqgf.gif
ByX0WxV,gif/ByX0WxV.gif
VtTbiP3,gif/VtTbiP3.gif
3d7wHyd,gif/3d7wHyd.gif
yB9SvIF,gif/yB9SvIF.gif
ThKP69G,gif/ThKP69G.gif
4OaumBr,gif/4OaumBr.gif
Y4QlY8z,gif/Y4QlY8z.gif
QLL2gdc,gif/QLL2gdc.gif
PkCN2lv,gif/PkCN2lv.gif
pvBMLHA,gif/pvBMLHA.gif
0JtKWum,gif/0JtKWum.gif
6t00BsF,gif/6t00BsF.gif
j7XMAyn,gif/j7XMAyn.gif
Pr9Rhf4,gif/Pr9Rhf4.gif
UpAlold,gif/UpAlold.gif
h8LFzo9,gif/h8LFzo9.gif
ia6kIIl,gif/ia6kIIl.gif
hrrS0Ed,gif/hrrS0Ed.gif
q8aHNoF,gif/q8aHNoF.gif
JmMVpR3,gif/JmMVpR3.gif
2DxtqHL,gif/2DxtqHL.gif
xNrS20v,gif/xNrS20v.gif
tFToB7l,gif/tFToB7l.gif
soIB2rj,gif/soIB2rj.gif
ZSY3MsL,gif/ZSY3MsL.gif
ErqK3UL,gif/ErqK3UL.gif
zoOvPcx,gif/zoOvPcx.gif
zhMwOwE,gif/zhMwOwE.gif
r0z6xzQ,gif/r0z6xzQ.gif
5bpPTHv,gif/5bpPTHv.gif
rTbyBYV,gif/rTbyBYV.gif
Jsgsc27,gif/Jsgsc27.gif
fNGumX0,gif/fNGumX0.gif
aVs3BR3,gif/aVs3BR3.gif
5VCj6iH,gif/5VCj6iH.gif
2KGnL6M,gif/2KGnL6M.gif
a8VDgLw,gif/a8VDgLw.gif
9gbyYKk,gif/9gbyYKk.gif
67n3r98,gif/67n3r98.gif
bbLR7fB,gif/bbLR7fB.gif
mQ1tBXn,gif/mQ1tBXn.gif
OIFMAp1,gif/OIFMAp1.gif
6bOA1Oi,gif/6bOA1Oi.gif
BqgCRif,gif/BqgCRif.gif
MSfvriJ,gif/MSfvriJ.gif
7M66AVi,gif/7M66AVi.gif
qOKcgVP,gif/qOKcgVP.gif
KhHJ338,gif/KhHJ338.gif
5uFK1xr,gif/5uFK1xr.gif
qi996YS,gif/qi996YS.gif
78VqWQK,gif/78VqWQK.gif
4c9BhzB,gif/4c9BhzB.gif
PM1PZjg,gif/PM1PZjg.gif
jV65tKx,gif/jV65tKx.gif
QOA0FD0,gif/QOA0FD0.gif
fTlkJop,gif/fTlkJop.gif
WWD6FzI,gif/WWD6FzI.gif
9n2149Z,gif/9n2149Z.gif
ngPpyRS,gif/ngPpyRS.gif
JymLInS,gif/JymLInS.gif
BKa8dmT,gif/BKa8dmT.gif
CggQhII,gif/CggQhII.gif
9Ap7miY,gif/9Ap7miY.gif
blBXysN,gif/blBXysN.gif
WgJnBH5,gif/WgJnBH5.gif
Mxa7Cr8,gif/Mxa7Cr8.gif
QUDd8WS,gif/QUDd8WS.gif
i4JkUaL,gif/i4JkUaL.gif
qEse6fe,gif/qEse6fe.gif
YPoVrBi,gif/YPoVrBi.gif
kesXOpB,gif/kesXOpB.gif
ms7tjSG,gif/ms7tjSG.gif
1cTf2Ux,gif/1cTf2Ux.gif
vpQaQkH,gif/vpQaQkH.gif
pj0X0tF,gif/pj0X0tF.gif
WhuFnR7,gif/WhuFnR7.gif
nlJsbkW,gif/nlJsbkW.gif
MKIelrR,gif/MKIelrR.gif
FAoIFMw,gif/FAoIFMw.gif
NvfE43H,gif/NvfE43H.gif
bRlbdjK,gif/bRlbdjK.gif
7jGOBF3,gif/7jGOBF3.gif
xdYPUtE,gif/xdYPUtE.gif
hBGWILP,gif/hBGWILP.gif
G7xoEzr,gif/G7xoEzr.gif
3omWx6P,gif/3omWx6P.gif
sVQCCeG,gif/sVQCCeG.gif
3uj0Ozg,gif/3uj0Ozg.gif
oHg8eop,gif/oHg8eop.gif
Yg7MJAT,gif/Yg7MJAT.gif
tJ5nYqo,gif/tJ5nYqo.gif
u27Kcdz,gif/u27Kcdz.gif
QoHIhPl,gif/QoHIhPl.gif
7aolH9D,gif/7aolH9D.gif
HsjbB1z,gif/HsjbB1z.gif
GxDwDX0,gif/GxDwDX0.gif
rjtuP6X,gif/rjtuP6X.gif
LeaZOIz,gif/LeaZOIz.gif
uTBt1HV,gif/uTBt1HV.gif
gx7s7uF,gif/gx7s7uF.gif
g9AsZ8P,gif/g9AsZ8P.gif
iQ241UP,gif/iQ241UP.gif
ZSJNetl,gif/ZSJNetl.gif
eYnzaCm,gif/eYnzaCm.gif
wfotm7S,gif/wfotm7S.gif
VEcJRo2,gif/VEcJRo2.gif
PbzNu7c,gif/PbzNu7c.gif
RRWFUcw,gif/RRWFUcw.gif
A2upspL,gif/A2upspL.gif
elhhVgj,gif/elhhVgj.gif
4dF3maG,gif/4dF3maG.gif
Hj4FOCd,gif/Hj4FOCd.gif
yRpV5TC,gif/yRpV5TC.gif
NNoHCEA,gif/NNoHCEA.gif
E4PwJqI,gif/E4PwJqI.gif
d7z1Y7V,gif/d7z1Y7V.gif
O95afRA,gif/O95afRA.gif
bJYHBIN,gif/bJYHBIN.gif
LuBEORI,gif/LuBEORI.gif
MY9P1WA,gif/MY9P1WA.gif
szIn2UK,gif/szIn2UK.gif
0V2YQjW,gif/0V2YQjW.gif
ESOd5Pl,gif/ESOd5Pl.gif
ktsFQAZ,gif/ktsFQAZ.gif
KUaoUV8,gif/KUaoUV8.gif
x0lwvfq,gif/x0lwvfq.gif
MzNnwx9,gif/MzNnwx9.gif
Bpkf41o,gif/Bpkf41o.gif
EIsE3u8,gif/EIsE3u8.gif
P9ZRyLT,gif/P9ZRyLT.gif
pmnrOp0,gif/pmnrOp0.gif
ocYc6Db,gif/ocYc6Db.gif
2gPfomN,gif/2gPfomN.gif
xHKN2s8,gif/xHKN2s8.gif
jdiExfW,gif/jdiExfW.gif
dPmaUaU,gif/dPmaUaU.gif
6MaEjVA,gif/6MaEjVA.gif
KZn52RC,gif/KZn52RC.gif
X7jbxra,gif/X7jbxra.gif
fZFZ704,gif/fZFZ704.gif
PXTIwgu,gif/PXTIwgu.gif
oMypNrz,gif/oMypNrz.gif
QyO6Uma,gif/QyO6Uma.gif
HtfCpfi,gif/HtfCpfi.gif
0jp9Rlz,gif/0jp9Rlz.gif
J9zIWig,gif/J9zIWig.gif
wbUYILZ,gif/wbUYILZ.gif
fXfqg1E,gif/fXfqg1E.gif
25GPyDY,gif/25GPyDY.gif
e25F58f,gif/e25F58f.gif
2NImIAG,gif/2NImIAG.gif
2LQkNPW,gif/2LQkNPW.gif
UXpKJoq,gif/UXpKJoq.gif
VhX2JdE,gif/VhX2JdE.gif
BRImeP8,gif/BRImeP8.gif
XIHEoCG,gif/XIHEoCG.gif
8eqjhOl,gif/8eqjhOl.gif
yQe5HpE,gif/yQe5HpE.gif
sZOR9EV,gif/sZOR9EV.gif
eVxAzgz,gif/eVxAzgz.gif
i8BdLTK,gif/i8BdLTK.gif
yn8yg1r,gif/yn8yg1r.gif
GrO65fd,gif/GrO65fd.gif
MaMuGH6,gif/MaMuGH6.gif
V07qpXy,gif/V07qpXy.gif
7E06s6d,gif/7E06s6d.gif
7D5bgLT,gif/7D5bgLT.gif
e4aFmFY,gif/e4aFmFY.gif
NZ5Qqkz,gif/NZ5Qqkz.gif
5fKX7wi,gif/5fKX7wi.gif
osdXT3K,gif/osdXT3K.gif
6em2Dxj,gif/6em2Dxj.gif
YAk5dIw,gif/YAk5dIw.gif
weoDEpH,gif/weoDEpH.gif
SiWCcTN,gif/SiWCcTN.gif
Dsfz0Id,gif/Dsfz0Id.gif
kMzUs9Y,gif/kMzUs9Y.gif
Zwiw7XR,gif/Zwiw7XR.gif
X6C6i5Y,gif/X6C6i5Y.gif
7I6LNUG,gif/7I6LNUG.gif
DgZQ11d,gif/DgZQ11d.gif
9GXrTE6,gif/9GXrTE6.gif
Q6bvyen,gif/Q6bvyen.gif
ZnJHhMk,gif/ZnJHhMk.gif
hHy8tQG,gif/hHy8tQG.gif
cJgSTmh,gif/cJgSTmh.gif
0CXGHya,gif/0CXGHya.gif
D1xYJAU,gif/D1xYJAU.gif
gGNQmVt,gif/gGNQmVt.gif
6MfS53i,gif/6MfS53i.gif
LL1UiTX,gif/LL1UiTX.gif
qCNVnaU,gif/qCNVnaU.gif
XPUDTt7,gif/XPUDTt7.gif
kTbSH9h,gif/kTbSH9h.gif
903mzG8,gif/903mzG8.gif
PskORrA,gif/PskORrA.gif
8urJS9b,gif/8urJS9b.gif
FFRP97T,gif/FFRP97T.gif
7gdLIXa,gif/7gdLIXa.gif
bQy2Eni,gif/bQy2Eni.gif
Uto7l43,gif/Uto7l43.gif
laVRfDf,gif/laVRfDf.gif
uL9CsKm,gif/uL9CsKm.gif
0L2KwtI,gif/0L2KwtI.gif
yaMIo4D,gif/yaMIo4D.gif
X3cqyXz,gif/X3cqyXz.gif
Kyd9Rz5,gif/Kyd9Rz5.gif
BCs0G2F,gif/BCs0G2F.gif
jtFKbt5,gif/jtFKbt5.gif
vrhHa6D,gif/vrhHa6D.gif
FQXdXzY,gif/FQXdXzY.gif
nuBF9MO,gif/nuBF9MO.gif
bjqbauy,gif/bjqbauy.gif
NbVPDMW,gif/NbVPDMW.gif
DT14T9T,gif/DT14T9T.gif
IGjKj1v,gif/IGjKj1v.gif
iPm26QU,gif/iPm26QU.gif
en550rk,gif/en550rk.gif
7Hg55JG,gif/7Hg55JG.gif
jvp6DiD,gif/jvp6DiD.gif
myfUsKf,gif/myfUsKf.gif
Nu7jqFE,gif/Nu7jqFE.gif
YIUAtYf,gif/YIUAtYf.gif
DFGXwZr,gif/DFGXwZr.gif
jHAnWmT,gif/jHAnWmT.gif
chfnQnM,gif/chfnQnM.gif
G08RZcQ,gif/G08RZcQ.gif
Gm2Uv1z,gif/Gm2Uv1z.gif
C0eCeEt,gif/C0eCeEt.gif
qatbkEd,gif/qatbkEd.gif
Ye5Qxb0,gif/Ye5Qxb0.gif
wigSg76,gif/wigSg76.gif
slDvUAU,gif/slDvUAU.gif
CbFSYC1,gif/CbFSYC1.gif
sxY5Biu,gif/sxY5Biu.gif
py1HSzx,gif/py1HSzx.gif
W8KAlkI,gif/W8KAlkI.gif
ykUOVze,gif/ykUOVze.gif
I4tibZG,gif/I4tibZG.gif
EKXOMEh,gif/EKXOMEh.gif
eYmsEPR,gif/eYmsEPR.gif
XU3ePuv,gif/XU3ePuv.gif
Kal9cQQ,gif/Kal9cQQ.gif
xTjr103,gif/xTjr103.gif
CFN9P8G,gif/CFN9P8G.gif
LNE3wfo,gif/LNE3wfo.gif
tTuZSDT,gif/tTuZSDT.gif
fgc9Xdl,gif/fgc9Xdl.gif
RVwzP10,gif/RVwzP10.gif
bLyQokI,gif/bLyQokI.gif
G8dXpNG,gif/G8dXpNG.gif
9JprnPh,gif/9JprnPh.gif
DKBwJrL,gif/DKBwJrL.gif
FSD6PGL,gif/FSD6PGL.gif
enxnJcM,gif/enxnJcM.gif
qBcKorM,gif/qBcKorM.gif
xiHiJcA,gif/xiHiJcA.gif
SHUMp5H,gif/SHUMp5H.gif
TDYiji6,gif/TDYiji6.gif
c3QQLPi,gif/c3QQLPi.gif
4Leypho,gif/4Leypho.gif
KI1DjNN,gif/KI1DjNN.gif
ns0SIbU,gif/ns0SIbU.gif
SJqRxOt,gif/SJqRxOt.gif
Gpn4ADc,gif/Gpn4ADc.gif
qPEzJjA,gif/qPEzJjA.gif
f7fnAIB,gif/f7fnAIB.gif
Tq6gbK6,gif/Tq6gbK6.gif
vsVoPHt,gif/vsVoPHt.gif
dRTfGZT,gif/dRTfGZT.gif
TV87DNB,gif/TV87DNB.gif
h1ezqSu,gif/h1ezqSu.gif
rQxwMxO,gif/rQxwMxO.gif
gf3ZjB9,gif/gf3ZjB9.gif
mu5Guxt,gif/mu5Guxt.gif
jeHtrlO,gif/jeHtrlO.gif
2Dk4xQV,gif/2Dk4xQV.gif
1TkiAFK,gif/1TkiAFK.gif
QjE2DcA,gif/QjE2DcA.gif
xDh0lJr,gif/xDh0lJr.gif
50BETrz,gif/50BETrz.gif
B5xca8s,gif/B5xca8s.gif
d1GgzTU,gif/d1GgzTU.gif
7zdxRTl,gif/7zdxRTl.gif
Nh3mvOO,gif/Nh3mvOO.gif
ywaNfuh,gif/ywaNfuh.gif
UIbGx6H,gif/UIbGx6H.gif
HDYiZcY,gif/HDYiZcY.gif
mym4hJo,gif/mym4hJo.gif
KWdF2JI,gif/KWdF2JI.gif
NL6YBwN,gif/NL6YBwN.gif
BL3GHeY,gif/BL3GHeY.gif
GwYwElT,gif/GwYwElT.gif
HPlPoQA,gif/HPlPoQA.gif
SP3hUez,gif/SP3hUez.gif
zILLZ98,gif/zILLZ98.gif
pH2x2jj,gif/pH2x2jj.gif
lJJ7Yq8,gif/lJJ7Yq8.gif
BLCvwr2,gif/BLCvwr2.gif
bQHPBU3,gif/bQHPBU3.gif
XaaRnRn,gif/XaaRnRn.gif
6YUfHPL,gif/6YUfHPL.gif
L4ay0PW,gif/L4ay0PW.gif
qAmNMJY,gif/qAmNMJY.gif
rbu5UUb,gif/rbu5UUb.gif
ZfyAGhK,gif/ZfyAGhK.gif
XVDdcoj,gif/XVDdcoj.gif
fprd84i,gif/fprd84i.gif
SaDOwk7,gif/SaDOwk7.gif
yWxMvB5,gif/yWxMvB5.gif
za9Ni4z,gif/za9Ni4z.gif
S93zLTG,gif/S93zLTG.gif
fSrPP6B,gif/fSrPP6B.gif
o5Jsk92,gif/o5Jsk92.gif
NAkmgdx,gif/NAkmgdx.gif
05Cf2v8,gif/05Cf2v8.gif
KwFGiEP,gif/KwFGiEP.gif
O8o7q4d,gif/O8o7q4d.gif
Ie9UGty,gif/Ie9UGty.gif
izMnLqz,gif/izMnLqz.gif
u0cNiij,gif/u0cNiij.gif
G1qWW6M,gif/G1qWW6M.gif
MRaFiZP,gif/MRaFiZP.gif
WM6TvvW,gif/WM6TvvW.gif
ookVu2D,gif/ookVu2D.gif
CUmLRTA,gif/CUmLRTA.gif
3pqGMQj,gif/3pqGMQj.gif
M8IolhQ,gif/M8IolhQ.gif
gdPIyyO,gif/gdPIyyO.gif
N6dZN2I,gif/N6dZN2I.gif
vN5HB0s,gif/vN5HB0s.gif
1TVoin7,gif/1TVoin7.gif
F56Xpw3,gif/F56Xpw3.gif
xcLntTC,gif/xcLntTC.gif
3nvEbbF,gif/3nvEbbF.gif
HZgQPxh,gif/HZgQPxh.gif
vpleANJ,gif/vpleANJ.gif
sJElUUI,gif/sJElUUI.gif
eZ79rbI,gif/eZ79rbI.gif
syUwUKY,gif/syUwUKY.gif
4H86mXM,gif/4H86mXM.gif
mAYqY4M,gif/mAYqY4M.gif
vobtVkm,gif/vobtVkm.gif
xOXZJRZ,gif/xOXZJRZ.gif
V7rWsT5,gif/V7rWsT5.gif
v6EKk0O,gif/v6EKk0O.gif
omsF3RN,gif/omsF3RN.gif
pNIKolI,gif/pNIKolI.gif
0I5fUyn,gif/0I5fUyn.gif
W1p7BND,gif/W1p7BND.gif
9vz4JlC,gif/9vz4JlC.gif
PDHE73u,gif/PDHE73u.gif
vocve3e,gif/vocve3e.gif
u3UuCZu,gif/u3UuCZu.gif
j6uIfep,gif/j6uIfep.gif
Dx2RIva,gif/Dx2RIva.gif
Ul5OFSV,gif/Ul5OFSV.gif
1RIkUHT,gif/1RIkUHT.gif
IBj3nsn,gif/IBj3nsn.gif
3QgteDK,gif/3QgteDK.gif
DoEYq4s,gif/DoEYq4s.gif
fF6GKVh,gif/fF6GKVh.gif
8yBgwBS,gif/8yBgwBS.gif
oMwyl17,gif/oMwyl17.gif
KWyEjtI,gif/KWyEjtI.gif
gMyx3Qn,gif/gMyx3Qn.gif
EqHIIjJ,gif/EqHIIjJ.gif
7y9JIMj,gif/7y9JIMj.gif
58rdhvL,gif/58rdhvL.gif
Ql4g5s8,gif/Ql4g5s8.gif
gTGciXz,gif/gTGciXz.gif
8gQo5Ss,gif/8gQo5Ss.gif
PKlXuJW,gif/PKlXuJW.gif
Qj0HRAZ,gif/Qj0HRAZ.gif
IU4QNJ6,gif/IU4QNJ6.gif
numr601,gif/numr601.gif
hTLtkXL,gif/hTLtkXL.gif
Um8xUAc,gif/Um8xUAc.gif
AdxxqfF,gif/AdxxqfF.gif
hjWjJEm,gif/hjWjJEm.gif
8IbNZwc,gif/8IbNZwc.gif
fBnPpzd,gif/fBnPpzd.gif
woLo1QN,gif/woLo1QN.gif
EnPivTL,gif/EnPivTL.gif
1oE78pm,gif/1oE78pm.gif
XE93sQZ,gif/XE93sQZ.gif
pgIdT6i,gif/pgIdT6i.gif
jvEXp4N,gif/jvEXp4N.gif
UOphC6N,gif/UOphC6N.gif
IH2kr7n,gif/IH2kr7n.gif
PCUYOMs,gif/PCUYOMs.gif
drfGhTV,gif/drfGhTV.gif
7i4msxz,gif/7i4msxz.gif
dAJscVq,gif/dAJscVq.gif
9tvVVM9,gif/9tvVVM9.gif
2Ty4idJ,gif/2Ty4idJ.gif
xmWQIlT,gif/xmWQIlT.gif
w7obpWd,gif/w7obpWd.gif
JxrY9mC,gif/JxrY9mC.gif
6Wr0F3W,gif/6Wr0F3W.gif
FSF9WOs,gif/FSF9WOs.gif
QoSZo2Y,gif/QoSZo2Y.gif
b5uBMv2,gif/b5uBMv2.gif
Sa8mzWc,gif/Sa8mzWc.gif
Rsxr3xl,gif/Rsxr3xl.gif
TBNaSNs,gif/TBNaSNs.gif
J1vH2X0,gif/J1vH2X0.gif
EpKrFiv,gif/EpKrFiv.gif
9fCHfSc,gif/9fCHfSc.gif
QQwxa8g,gif/QQwxa8g.gif
p5v6rdT,gif/p5v6rdT.gif
LzX8YEz,gif/LzX8YEz.gif
Aj9vWh7,gif/Aj9vWh7.gif
cuC7529,gif/cuC7529.gif
C8Crfa4,gif/C8Crfa4.gif
XqYQ9JA,gif/XqYQ9JA.gif
qBl14UC,gif/qBl14UC.gif
iqH55N8,gif/iqH55N8.gif
dVeWXf2,gif/dVeWXf2.gif
IxsFgRT,gif/IxsFgRT.gif
7AnZtSv,gif/7AnZtSv.gif
mpYUPkA,gif/mpYUPkA.gif
iFsqlCD,gif/iFsqlCD.gif
9ZGnq1w,gif/9ZGnq1w.gif
qFHvMnv,gif/qFHvMnv.gif
jCBOdh0,gif/jCBOdh0.gif
1u36hhy,gif/1u36hhy.gif
ninBEOY,gif/ninBEOY.gif
u1iHcoD,gif/u1iHcoD.gif
MqNdIbe,gif/MqNdIbe.gif
9Z23cLE,gif/9Z23cLE.gif
ntjtCfu,gif/ntjtCfu.gif
kk39rUy,gif/kk39rUy.gif
UoX77uR,gif/UoX77uR.gif
0MlxeMn,gif/0MlxeMn.gif
fjjY3N4,gif/fjjY3N4.gif
KenZJQV,gif/KenZJQV.gif
LFIOery,gif/LFIOery.gif
qU8bYp7,gif/qU8bYp7.gif
LlSe9IK,gif/LlSe9IK.gif
VRBGPHB,gif/VRBGPHB.gif
I6Ca0a7,gif/I6Ca0a7.gif
w44vFvP,gif/w44vFvP.gif
5ipN0iE,gif/5ipN0iE.gif
A3P4O0R,gif/A3P4O0R.gif
79AmJsI,gif/79AmJsI.gif
7WcQgkm,gif/7WcQgkm.gif
1IFV9h3,gif/1IFV9h3.gif
p0OCXGb,gif/p0OCXGb.gif
Uywa4S5,gif/Uywa4S5.gif
O3INw8V,gif/O3INw8V.gif
L68dTQj,gif/L68dTQj.gif
pFuK3by,gif/pFuK3by.gif
5lE7XRz,gif/5lE7XRz.gif
qlZUaZ8,gif/qlZUaZ8.gif
hVzPY5j,gif/hVzPY5j.gif
KQfySvS,gif/KQfySvS.gif
iCPqbki,gif/iCPqbki.gif
o6LqKKP,gif/o6LqKKP.gif
kKYTkjJ,gif/kKYTkjJ.gif
Mr8d4KA,gif/Mr8d4KA.gif
7858za8,gif/7858za8.gif
MDFxU4b,gif/MDFxU4b.gif
N3EirIW,gif/N3EirIW.gif
P7zSvul,gif/P7zSvul.gif
OJFgZJ0,gif/OJFgZJ0.gif
Gu2ENkm,gif/Gu2ENkm.gif
6vcvsLS,gif/6vcvsLS.gif
afv0ZAS,gif/afv0ZAS.gif
1YUWDNZ,gif/1YUWDNZ.gif
r4RZKpF,gif/r4RZKpF.gif
WFucoe6,gif/WFucoe6.gif
lRcrlH8,gif/lRcrlH8.gif
nFHk9fU,gif/nFHk9fU.gif
Xd65M9w,gif/Xd65M9w.gif
gSO0KpB,gif/gSO0KpB.gif
AwAIlSo,gif/AwAIlSo.gif
DICPHtq,gif/DICPHtq.gif
iDGtjyi,gif/iDGtjyi.gif
89HVjEp,gif/89HVjEp.gif
echClj7,gif/echClj7.gif
myJeTAe,gif/myJeTAe.gif
znf7t8E,gif/znf7t8E.gif
tuIZFDt,gif/tuIZFDt.gif
o80Xu9C,gif/o80Xu9C.gif
UI81amT,gif/UI81amT.gif
7R4NIjL,gif/7R4NIjL.gif
W7yh3Yo,gif/W7yh3Yo.gif
BeReYBf,gif/BeReYBf.gif
VsopqcV,gif/VsopqcV.gif
4QqYaJW,gif/4QqYaJW.gif
vNPJbDA,gif/vNPJbDA.gif
Y8dOJlH,gif/Y8dOJlH.gif
kLiIFdB,gif/kLiIFdB.gif
YA2HKGz,gif/YA2HKGz.gif
lFBTISi,gif/lFBTISi.gif
gWcZD4q,gif/gWcZD4q.gif